{"main":"american-flights-api.raml","name":"American Flights API Test","classifier":"raml","tags":[],"dependencies":[{"groupId":"68ef9520-24e9-4cf2-b2f5-620025690913","assetId":"training-american-flight-data-type","version":"1.0.1"},{"groupId":"68ef9520-24e9-4cf2-b2f5-620025690913","assetId":"training-american-flights-example","version":"1.0.1"}],"groupId":"3e1b8898-2d8e-4a59-a561-122f2446ae07","backwardsCompatible":false,"assetId":"american-flights-api-test","version":"1.0.2","apiVersion":"v1"}